{"cameraMode":{"drawMode":0,"name":"Shaded","section":"Shading Mode"},"sceneLighting":false,"audioPlay":false,"sceneViewState":{"showFog":true,"showMaterialUpdate":false,"showSkybox":false,"showFlares":true,"showImageEffects":true,"showParticleSystems":true},"in2DMode":false,"pivot":{"x":0.6256988644599915,"y":-1.3938933610916138,"z":-0.7268456220626831},"rotation":{"x":0.13268142938613892,"y":0.8671562075614929,"z":-0.34651249647140505,"w":0.33239734172821047},"size":2.129708766937256,"orthographic":false}