{"cameraMode":{"drawMode":0,"name":"Shaded","section":"Shading Mode"},"sceneLighting":false,"audioPlay":false,"sceneViewState":{"showFog":true,"showMaterialUpdate":false,"showSkybox":false,"showFlares":true,"showImageEffects":true,"showParticleSystems":true},"in2DMode":false,"pivot":{"x":0.9718001484870911,"y":-0.2814830243587494,"z":0.15525305271148683},"rotation":{"x":0.06476690620183945,"y":0.9336597323417664,"z":-0.21962741017341615,"w":0.27567678689956667},"size":3.7758736610412599,"orthographic":false}