{"cameraMode":{"drawMode":0,"name":"Shaded","section":"Shading Mode"},"sceneLighting":true,"audioPlay":false,"sceneViewState":{"showFog":true,"showMaterialUpdate":false,"showSkybox":true,"showFlares":true,"showImageEffects":true,"showParticleSystems":true},"in2DMode":false,"pivot":{"x":23.72195053100586,"y":0.7268974781036377,"z":204.34506225585938},"rotation":{"x":-0.013486714102327824,"y":0.8062245845794678,"z":-0.018392961472272874,"w":-0.5911695957183838},"size":44.27364730834961,"orthographic":false}