{"cameraMode":{"drawMode":0,"name":"Shaded","section":"Shading Mode"},"sceneLighting":true,"audioPlay":false,"sceneViewState":{"showFog":true,"showMaterialUpdate":false,"showSkybox":true,"showFlares":true,"showImageEffects":true,"showParticleSystems":true},"in2DMode":false,"pivot":{"x":28.530946731567384,"y":-21.314849853515626,"z":266.0702819824219},"rotation":{"x":-0.11286221444606781,"y":0.33771151304244997,"z":-0.040827251970767978,"w":-0.9335669875144959},"size":50.016822814941409,"orthographic":false}