{"cameraMode":{"drawMode":0,"name":"Shaded","section":"Shading Mode"},"sceneLighting":true,"audioPlay":false,"sceneViewState":{"showFog":true,"showMaterialUpdate":false,"showSkybox":true,"showFlares":true,"showImageEffects":true,"showParticleSystems":true},"in2DMode":false,"pivot":{"x":34.23796844482422,"y":-21.931209564208986,"z":270.6240539550781},"rotation":{"x":-0.11286221444606781,"y":0.33771151304244997,"z":-0.040827251970767978,"w":-0.9335669875144959},"size":53.22987365722656,"orthographic":false}