{"cameraMode":{"drawMode":0,"name":"Shaded","section":"Shading Mode"},"sceneLighting":true,"audioPlay":false,"sceneViewState":{"showFog":true,"showMaterialUpdate":false,"showSkybox":true,"showFlares":true,"showImageEffects":true,"showParticleSystems":true},"in2DMode":false,"pivot":{"x":19.9239501953125,"y":1.361746072769165,"z":44.639495849609378},"rotation":{"x":-0.2924320697784424,"y":-0.6351274847984314,"z":0.2826477587223053,"w":-0.6567688584327698},"size":18.085643768310548,"orthographic":false}