{"cameraMode":{"drawMode":0,"name":"Shaded","section":"Shading Mode"},"sceneLighting":true,"audioPlay":false,"sceneViewState":{"showFog":true,"showMaterialUpdate":false,"showSkybox":true,"showFlares":true,"showImageEffects":true,"showParticleSystems":true},"in2DMode":false,"pivot":{"x":193.632080078125,"y":-23.7519474029541,"z":191.70213317871095},"rotation":{"x":-0.09625019878149033,"y":-0.49363765120506289,"z":0.05440475791692734,"w":-0.8633156418800354},"size":88.34932708740235,"orthographic":false}