{"cameraMode":{"drawMode":0,"name":"Shaded","section":"Shading Mode"},"sceneLighting":true,"audioPlay":false,"sceneViewState":{"showFog":true,"showMaterialUpdate":false,"showSkybox":true,"showFlares":true,"showImageEffects":true,"showParticleSystems":true},"in2DMode":false,"pivot":{"x":464.3882751464844,"y":215.90093994140626,"z":602.0338745117188},"rotation":{"x":0.06127842515707016,"y":0.4077396094799042,"z":0.025311101227998735,"w":-0.9113773107528687},"size":9.550000190734864,"orthographic":false}