{"cameraMode":{"drawMode":0,"name":"Shaded","section":"Shading Mode"},"sceneLighting":false,"audioPlay":false,"sceneViewState":{"showFog":true,"showMaterialUpdate":false,"showSkybox":false,"showFlares":true,"showImageEffects":true,"showParticleSystems":true},"in2DMode":false,"pivot":{"x":-1.202858328819275,"y":1.8572335243225098,"z":-0.7391079068183899},"rotation":{"x":0.14311495423316956,"y":0.45833200216293337,"z":-0.07504958659410477,"w":0.8739724159240723},"size":0.5796397924423218,"orthographic":false}