{"cameraMode":{"drawMode":0,"name":"Shaded","section":"Shading Mode"},"sceneLighting":true,"audioPlay":false,"sceneViewState":{"showFog":true,"showMaterialUpdate":false,"showSkybox":true,"showFlares":true,"showImageEffects":true,"showParticleSystems":true},"in2DMode":false,"pivot":{"x":6.023630142211914,"y":1.9851207733154297,"z":5.021183967590332},"rotation":{"x":0.15477849543094636,"y":0.3349745273590088,"z":-0.05588436871767044,"w":0.9277468919754028},"size":1.7907216548919678,"orthographic":false}