{"cameraMode":{"drawMode":0,"name":"Shaded","section":"Shading Mode"},"sceneLighting":false,"audioPlay":false,"sceneViewState":{"showFog":true,"showMaterialUpdate":false,"showSkybox":false,"showFlares":true,"showImageEffects":true,"showParticleSystems":true},"in2DMode":false,"pivot":{"x":0.12659549713134767,"y":4.722928524017334,"z":0.7070846557617188},"rotation":{"x":-0.1542823165655136,"y":-0.6422783136367798,"z":0.13408279418945313,"w":-0.7390148043632507},"size":7.384181022644043,"orthographic":false}