{"cameraMode":{"drawMode":0,"name":"Shaded","section":"Shading Mode"},"sceneLighting":true,"audioPlay":false,"sceneViewState":{"showFog":true,"showMaterialUpdate":false,"showSkybox":true,"showFlares":true,"showImageEffects":true,"showParticleSystems":true},"in2DMode":false,"pivot":{"x":-4.340723514556885,"y":2.84356951713562,"z":10.157193183898926},"rotation":{"x":0.03506730869412422,"y":-0.801137387752533,"z":0.047169238328933719,"w":0.5956000089645386},"size":10.0,"orthographic":false}