{"cameraMode":{"drawMode":0,"name":"Shaded","section":"Shading Mode"},"sceneLighting":true,"audioPlay":false,"sceneViewState":{"showFog":true,"showMaterialUpdate":false,"showSkybox":true,"showFlares":true,"showImageEffects":true,"showParticleSystems":true},"in2DMode":false,"pivot":{"x":374.2716979980469,"y":273.1575622558594,"z":487.9347229003906},"rotation":{"x":-0.04259717836976051,"y":0.20578354597091676,"z":0.010241507552564145,"w":0.978263258934021},"size":1.8354415893554688,"orthographic":false}